{"ultrasonic": 3.3324360847473145, "temperature": 26.60058823529412, "cpu": 7.2}